sector,split,MAE,RMSE,R2,MAPE,WMAPE
total,train,8.797332686712103,20.531380513286713,0.9990068177461954,5.239821442033272,2.098841083258257
total,test,9.71615820456559,23.757159869719125,0.9986435894318851,5.167026231390508,2.2604853753458247
residencial,train,1.336116362593503,2.801092298173744,0.9998766577862107,1.806366288425621,0.9170949635277605
residencial,test,1.902375742665378,4.973216853202457,0.9995791714138303,2.0384109256430696,1.3211998331706971
servicios,train,5.689555595312089,13.041342712163658,0.9986861607226809,7.757789949784794,2.3472446856675258
servicios,test,6.659748128876443,17.171681385162127,0.9980189499180622,6.705803693718211,2.488737401628441
industria,train,2.0937890461476116,6.482098215812857,0.9907995290173975,17.142888953469598,6.739181949904173
industria,test,1.9822614227580577,7.7111774431312945,0.9702671264354509,26.740854199049725,10.866287135529431
