split,MAE,RMSE,R2,MAPE,WMAPE,modelo
test,1080.4609976747377,1368.5883309183582,0.7387932518633162,49.24239246652187,27.72008631151931,Ridge
test,875.8572369422978,1146.126305472677,0.8168091879125823,33.36733186608764,22.470814084784045,HGB
